{"cameraMode":{"drawMode":0,"name":"Shaded","section":"Shading Mode"},"sceneLighting":true,"audioPlay":false,"sceneViewState":{"showFog":true,"showMaterialUpdate":true,"showSkybox":true,"showFlares":true,"showImageEffects":true,"showParticleSystems":true},"in2DMode":false,"pivot":{"x":4.034236431121826,"y":3.0767202377319338,"z":1.8240487575531006},"rotation":{"x":0.021895209327340127,"y":-0.162143737077713,"z":-0.003597990609705448,"w":-0.9865208864212036},"size":19.281719207763673,"orthographic":false}